{"cameraMode":{"drawMode":0,"name":"Shaded","section":"Shading Mode"},"sceneLighting":false,"audioPlay":false,"sceneViewState":{"showFog":true,"showMaterialUpdate":false,"showSkybox":false,"showFlares":true,"showImageEffects":true,"showParticleSystems":true},"in2DMode":false,"pivot":{"x":21.3039493560791,"y":6.18412446975708,"z":-36.17574691772461},"rotation":{"x":0.015399745665490628,"y":0.9824003577232361,"z":-0.1608666181564331,"w":0.09396136552095413},"size":88.01203155517578,"orthographic":false}