{"cameraMode":{"drawMode":0,"name":"Shaded","section":"Shading Mode"},"sceneLighting":false,"audioPlay":false,"sceneViewState":{"showFog":true,"showMaterialUpdate":false,"showSkybox":false,"showFlares":true,"showImageEffects":true,"showParticleSystems":true},"in2DMode":false,"pivot":{"x":-0.07728643715381623,"y":-0.03345280885696411,"z":-0.07936881482601166},"rotation":{"x":-0.06391025334596634,"y":0.9179832935333252,"z":-0.16446653008460999,"w":-0.35618096590042117},"size":0.3423430323600769,"orthographic":false}