{"cameraMode":{"drawMode":0,"name":"Shaded","section":"Shading Mode"},"sceneLighting":false,"audioPlay":false,"sceneViewState":{"showFog":true,"showMaterialUpdate":false,"showSkybox":true,"showFlares":true,"showImageEffects":true,"showParticleSystems":true},"in2DMode":false,"pivot":{"x":233.41554260253907,"y":492.5302429199219,"z":817.8319702148438},"rotation":{"x":-0.008082395419478417,"y":-0.880007803440094,"z":0.47540202736854555,"w":-0.014088676311075688},"size":22.0,"orthographic":false}