{"cameraMode":{"drawMode":0,"name":"Shaded","section":"Shading Mode"},"sceneLighting":true,"audioPlay":false,"sceneViewState":{"showFog":true,"showMaterialUpdate":false,"showSkybox":false,"showFlares":true,"showImageEffects":true,"showParticleSystems":true},"in2DMode":false,"pivot":{"x":96.51538848876953,"y":-1.6178960800170899,"z":-10.584041595458985},"rotation":{"x":0.021386928856372834,"y":0.7396960258483887,"z":-0.023542463779449464,"w":0.6722560524940491},"size":114.77796936035156,"orthographic":false}