{"cameraMode":{"drawMode":0,"name":"Shaded","section":"Shading Mode"},"sceneLighting":false,"audioPlay":false,"sceneViewState":{"showFog":true,"showMaterialUpdate":false,"showSkybox":false,"showFlares":true,"showImageEffects":true,"showParticleSystems":true},"in2DMode":false,"pivot":{"x":1.4744120836257935,"y":-0.2619000971317291,"z":1.5254544019699097},"rotation":{"x":-0.02638145163655281,"y":-0.2609347403049469,"z":0.007073162589222193,"w":-0.9651025533676148},"size":3.685821056365967,"orthographic":false}