{"cameraMode":{"drawMode":0,"name":"Shaded","section":"Shading Mode"},"sceneLighting":true,"audioPlay":false,"sceneViewState":{"showFog":false,"showMaterialUpdate":false,"showSkybox":true,"showFlares":false,"showImageEffects":false,"showParticleSystems":false},"in2DMode":false,"pivot":{"x":1001.4985961914063,"y":721.1027221679688,"z":88.33080291748047},"rotation":{"x":0.05598041042685509,"y":0.8320011496543884,"z":-0.08542365580797196,"w":0.5453042387962341},"size":10.419483184814454,"orthographic":false}