{"cameraMode":{"drawMode":0,"name":"Shaded","section":"Shading Mode"},"sceneLighting":false,"audioPlay":false,"sceneViewState":{"showFog":false,"showMaterialUpdate":false,"showSkybox":true,"showFlares":false,"showImageEffects":false,"showParticleSystems":false},"in2DMode":false,"pivot":{"x":-2.3388671875,"y":16.60478973388672,"z":1.9015045166015626},"rotation":{"x":-0.07178478688001633,"y":0.8378575444221497,"z":-0.1136983335018158,"w":-0.529071033000946},"size":88.01317596435547,"orthographic":false}