{"cameraMode":{"drawMode":0,"name":"Shaded","section":"Shading Mode"},"sceneLighting":true,"audioPlay":false,"sceneViewState":{"showFog":false,"showMaterialUpdate":false,"showSkybox":true,"showFlares":false,"showImageEffects":false,"showParticleSystems":false},"in2DMode":false,"pivot":{"x":753.314208984375,"y":732.8405151367188,"z":455.1067810058594},"rotation":{"x":0.3477540612220764,"y":-0.3038915991783142,"z":0.12028171867132187,"w":0.8788140416145325},"size":5.942501068115234,"orthographic":false}