{"cameraMode":{"drawMode":0,"name":"Shaded","section":"Shading Mode"},"sceneLighting":false,"audioPlay":false,"sceneViewState":{"showFog":false,"showMaterialUpdate":false,"showSkybox":true,"showFlares":false,"showImageEffects":false,"showParticleSystems":false},"in2DMode":false,"pivot":{"x":-5.397619724273682,"y":-6.091009140014648,"z":-30.47857666015625},"rotation":{"x":0.00011282943160040304,"y":0.9909183382987976,"z":-0.13446301221847535,"w":0.000764019787311554},"size":109.25186157226563,"orthographic":false}