{"cameraMode":{"drawMode":0,"name":"Shaded","section":"Shading Mode"},"sceneLighting":false,"audioPlay":false,"sceneViewState":{"showFog":false,"showMaterialUpdate":false,"showSkybox":true,"showFlares":false,"showImageEffects":false,"showParticleSystems":false},"in2DMode":false,"pivot":{"x":-153.4132080078125,"y":484.888916015625,"z":912.2353515625},"rotation":{"x":0.28347334265708926,"y":0.17433246970176698,"z":-0.05247258394956589,"w":0.9415400624275208},"size":400.103759765625,"orthographic":false}